{
  "canvas": {
    "version": "2.2.11",
    "width": 2000,
    "height": 2000,
    "scrollTop": 0,
    "scrollLeft": 0,
    "zoomLevel": 1,
    "show": {
      "tableComment": true,
      "columnComment": true,
      "columnDataType": true,
      "columnDefault": true,
      "columnAutoIncrement": true,
      "columnPrimaryKey": true,
      "columnUnique": false,
      "columnNotNull": true,
      "relationship": true
    },
    "database": "MySQL",
    "databaseName": "dojos_and_ninjas",
    "canvasType": "ERD",
    "language": "GraphQL",
    "tableCase": "pascalCase",
    "columnCase": "camelCase",
    "highlightTheme": "VS2015",
    "bracketType": "none",
    "setting": {
      "relationshipDataTypeSync": true,
      "relationshipOptimization": false,
      "columnOrder": [
        "columnName",
        "columnDataType",
        "columnNotNull",
        "columnUnique",
        "columnAutoIncrement",
        "columnDefault",
        "columnComment"
      ]
    },
    "pluginSerializationMap": {}
  },
  "table": {
    "tables": [
      {
        "name": "ninjas",
        "comment": "",
        "columns": [
          {
            "name": "id",
            "comment": "",
            "dataType": "INT",
            "default": "",
            "option": {
              "autoIncrement": true,
              "primaryKey": true,
              "unique": false,
              "notNull": true
            },
            "ui": {
              "active": false,
              "pk": true,
              "fk": false,
              "pfk": false,
              "widthName": 60,
              "widthComment": 60,
              "widthDataType": 60,
              "widthDefault": 60
            },
            "id": "8749bbe9-a419-499d-b045-bce7917df691"
          },
          {
            "name": "first_name",
            "comment": "",
            "dataType": "VARCHAR(45)",
            "default": "",
            "option": {
              "autoIncrement": false,
              "primaryKey": false,
              "unique": false,
              "notNull": true
            },
            "ui": {
              "active": false,
              "pk": false,
              "fk": false,
              "pfk": false,
              "widthName": 62.68994140625,
              "widthComment": 60,
              "widthDataType": 87.72509765625,
              "widthDefault": 60
            },
            "id": "6189a216-0062-4aef-93f6-a2ccf0e8c510"
          },
          {
            "name": "last_name",
            "comment": "",
            "dataType": "VARCHAR(45)",
            "default": "",
            "option": {
              "autoIncrement": false,
              "primaryKey": false,
              "unique": false,
              "notNull": true
            },
            "ui": {
              "active": false,
              "pk": false,
              "fk": false,
              "pfk": false,
              "widthName": 61.97900390625,
              "widthComment": 60,
              "widthDataType": 87.72509765625,
              "widthDefault": 60
            },
            "id": "631474b0-d498-44aa-b0e7-08c604f77195"
          },
          {
            "name": "age",
            "comment": "",
            "dataType": "INT",
            "default": "",
            "option": {
              "autoIncrement": false,
              "primaryKey": false,
              "unique": false,
              "notNull": true
            },
            "ui": {
              "active": false,
              "pk": false,
              "fk": false,
              "pfk": false,
              "widthName": 60,
              "widthComment": 60,
              "widthDataType": 60,
              "widthDefault": 60
            },
            "id": "71348058-d72f-4d67-8072-659205eb66f5"
          },
          {
            "name": "created_at",
            "comment": "",
            "dataType": "DATETIME",
            "default": "CURRENT_TIMESTAMP",
            "option": {
              "autoIncrement": false,
              "primaryKey": false,
              "unique": false,
              "notNull": true
            },
            "ui": {
              "active": false,
              "pk": false,
              "fk": false,
              "pfk": false,
              "widthName": 67.0634765625,
              "widthComment": 60,
              "widthDataType": 66.76513671875,
              "widthDefault": 147.65966796875
            },
            "id": "e497e0d1-9b63-458a-b16b-e807ced1cc83"
          },
          {
            "name": "updated_at",
            "comment": "",
            "dataType": "DATETIME",
            "default": "CURRENT_TIMESTAMP ON UPDATED CURENT_TIMESTAMP",
            "option": {
              "autoIncrement": false,
              "primaryKey": false,
              "unique": false,
              "notNull": true
            },
            "ui": {
              "active": false,
              "pk": false,
              "fk": false,
              "pfk": false,
              "widthName": 60,
              "widthComment": 60,
              "widthDataType": 66.76513671875,
              "widthDefault": 375.42626953125
            },
            "id": "cf8b567a-9365-4e54-8a21-6dea87959b5e"
          },
          {
            "name": "dojo_id",
            "comment": "",
            "dataType": "INT",
            "default": "",
            "option": {
              "autoIncrement": false,
              "primaryKey": false,
              "unique": false,
              "notNull": true
            },
            "ui": {
              "active": false,
              "pk": false,
              "fk": true,
              "pfk": false,
              "widthName": 60,
              "widthComment": 60,
              "widthDataType": 60,
              "widthDefault": 60
            },
            "id": "37951354-a2ac-4c28-b4c9-c94ff1973cff"
          }
        ],
        "ui": {
          "active": true,
          "left": 39,
          "top": 314,
          "zIndex": 161,
          "widthName": 60,
          "widthComment": 60
        },
        "visible": true,
        "id": "b525036b-c565-4fe1-a347-5d5dc69d3370"
      },
      {
        "name": "dojos",
        "comment": "",
        "columns": [
          {
            "name": "id",
            "comment": "",
            "dataType": "INT",
            "default": "",
            "option": {
              "autoIncrement": true,
              "primaryKey": true,
              "unique": false,
              "notNull": true
            },
            "ui": {
              "active": false,
              "pk": true,
              "fk": false,
              "pfk": false,
              "widthName": 60,
              "widthComment": 60,
              "widthDataType": 60,
              "widthDefault": 60
            },
            "id": "d3205ddd-5891-4946-addb-70a611fcfc79"
          },
          {
            "name": "name",
            "comment": "",
            "dataType": "VARCHAR(45)",
            "default": "",
            "option": {
              "autoIncrement": false,
              "primaryKey": false,
              "unique": false,
              "notNull": true
            },
            "ui": {
              "active": false,
              "pk": false,
              "fk": false,
              "pfk": false,
              "widthName": 60,
              "widthComment": 60,
              "widthDataType": 87.72509765625,
              "widthDefault": 60
            },
            "id": "e72c5079-17be-475c-8414-8f6b820c438e"
          },
          {
            "name": "created_at",
            "comment": "",
            "dataType": "timestamp",
            "default": "CURRENT_TIMESTAMP",
            "option": {
              "autoIncrement": false,
              "primaryKey": false,
              "unique": false,
              "notNull": true
            },
            "ui": {
              "active": false,
              "pk": false,
              "fk": false,
              "pfk": false,
              "widthName": 67.0634765625,
              "widthComment": 60,
              "widthDataType": 61.9599609375,
              "widthDefault": 147.65966796875
            },
            "id": "a945a412-906a-4e41-9300-bd38da0f056a"
          },
          {
            "name": "updated_at",
            "comment": "",
            "dataType": "timestamp",
            "default": "CURRENT_TIMESTAMP ON UPDATED CURRENT_TIMESTAMP",
            "option": {
              "autoIncrement": false,
              "primaryKey": false,
              "unique": false,
              "notNull": true
            },
            "ui": {
              "active": false,
              "pk": false,
              "fk": false,
              "pfk": false,
              "widthName": 60,
              "widthComment": 60,
              "widthDataType": 60,
              "widthDefault": 384.814453125
            },
            "id": "44d4e0fc-7153-4862-9012-69f0188f7698"
          }
        ],
        "ui": {
          "active": false,
          "left": 15,
          "top": 20,
          "zIndex": 147,
          "widthName": 60,
          "widthComment": 60
        },
        "visible": true,
        "id": "898d5c4d-f3d4-460d-9c77-8521385da526"
      }
    ],
    "indexes": []
  },
  "memo": {
    "memos": []
  },
  "relationship": {
    "relationships": [
      {
        "identification": false,
        "relationshipType": "OneN",
        "startRelationshipType": "Dash",
        "start": {
          "tableId": "898d5c4d-f3d4-460d-9c77-8521385da526",
          "columnIds": [
            "d3205ddd-5891-4946-addb-70a611fcfc79"
          ],
          "x": 378.301513671875,
          "y": 171,
          "direction": "bottom"
        },
        "end": {
          "tableId": "b525036b-c565-4fe1-a347-5d5dc69d3370",
          "columnIds": [
            "37951354-a2ac-4c28-b4c9-c94ff1973cff"
          ],
          "x": 397.607421875,
          "y": 314,
          "direction": "top"
        },
        "constraintName": "fk_dojos_to_ninjas",
        "visible": true,
        "id": "4a401600-efa5-4b19-b857-a9a1d561a668"
      }
    ]
  }
}